# OSDSND (rom0:OSDSND IRX, IOP) symbol table, generated by tools/build_symbols.py
# address = ELF vaddr (file offset = vaddr + 0xA0); source = notes/sound.md section
address	name	source
00000000	_start	sound.md §2.1 module entry
000000DC	InitThread	sound.md §2.1
0000022C	RpcServerThread	sound.md §2.1 (server 0x80000601)
000002C8	RpcDispatch	sound.md §2.1
00003768	SequencerThread	sound.md §2.1
000037B0	TimerIrqHandler	sound.md §2.1
00003838	OsdSnd_TimerStart	sound.md:149 (cmd 0x5100)
0000392C	OsdSnd_TimerStop	sound.md:150 (cmd 0x5101)
0001370C	SpuSetVoiceRegs	sound.md §2.2
0001446C	SpuInit	sound.md §2.3
00016C10	SeqTick	sound.md §2.2
000171A4	SeqNoteOn	sound.md §2.2
00017AD8	VibratoPass	sound.md §2.2
00018344	VoiceAlloc	sound.md §2.2
00018560	SeqNoteOff	sound.md §2.2
00018914	VoicePitch	sound.md §2.2
00018C04	VoiceVolume	sound.md §2.2
00019F64	SeqReadVarLen	sound.md §2.2
0001A098	SeqReadEvent	sound.md §2.2
0001A208	FreeFinishedVoices	sound.md §2.2
0001A46C	OsdSnd_Reset	sound.md:126 (cmd 0x5001)
0001A5DC	OsdSnd_Quit	sound.md:127 (cmd 0x5002)
0001A6B4	OsdSnd_LoadBankWithBody	sound.md:128 (cmd 0x5005)
0001A844	OsdSnd_SpuWrite	sound.md:147 (cmd 0x501a)
0001A8A0	OsdSnd_SpuWriteSwapped	sound.md:148 (cmd 0x501b)
0001A8FC	OsdSnd_RegisterBank	sound.md:129 (cmd 0x5006)
0001AA54	OsdSnd_WaitSpuTransfer	sound.md:130 (cmd 0x5007)
0001AA80	OsdSnd_FreeBank	sound.md:131 (cmd 0x5008)
0001ABF8	OsdSnd_OpenSeq	sound.md:132 (cmd 0x5009)
0001AF34	OsdSnd_CloseSeq	sound.md:134 (cmd 0x500b)
0001AFD4	OsdSnd_SetReverbMode	sound.md:135 (cmd 0x500c)
0001B04C	OsdSnd_SetReverbVolume	sound.md:136 (cmd 0x500d)
0001B0AC	OsdSnd_SetReverbDelay	sound.md:137 (cmd 0x500e)
0001B128	OsdSnd_SetReverbFeedback	sound.md:137 (cmd 0x500f)
0001B1A4	OsdSnd_SetUpdateRate	sound.md:133 (cmd 0x500a)
0001B1E4	OsdSnd_GetActiveVoices	sound.md:138 (cmd 0x5010)
0001B2FC	OsdSnd_SetMasterVolume	sound.md:140 (cmd 0x5012)
0001B374	OsdSnd_SetSeqVolume	sound.md:141 (cmd 0x5013)
0001B5BC	OsdSnd_PlaySeq	sound.md:142 (cmd 0x5014)
0001B6E0	OsdSnd_StopSeq	sound.md:143 (cmd 0x5015)
0001BBB4	OsdSnd_SetTempo	sound.md:144 (cmd 0x5016)
0001BCF4	OsdSnd_GetTempo	sound.md:145 (cmd 0x5017)
0001BDCC	OsdSnd_ZeroSpuRam	sound.md:139 (cmd 0x5011)
0001BE88	OsdSnd_PlaySE	sound.md:151 (cmd 0x5200)
0001C24C	OsdSnd_SetSEVolume	sound.md:152 (cmd 0x5201)
0001C304	SEPickVoice	sound.md §2.4
0001CFE8	g_rpcResult	sound.md §2.1 (data)
0001D2A0	REVERB_PRESETS	sound.md §2.3 (data)
0001DBB0	PITCHTAB	sound.md §2.2 (data)
0001E070	PANTAB	sound.md §2.2 (data)
00021670	g_voices	sound.md §2.1 (data)
00021C10	g_banks	sound.md §2.1 (data)
00022210	g_seqSlots	sound.md §2.1 (data)
