# OSDSYS (SCPH-70004 ROM 2.00 E) symbol table, generated by tools/build_symbols.py
# address = virtual address in extracted/osdsys_200000.bin; source = where the name was proposed
# ([I] = inferred SDK/library identity, see the notes).  Alternatives are listed as 'alt:'.
address	name	source
001F0000	ctx	osdsys_flow.md: global OSD context (outside the image; label only)
002000C0	SifDmaCopyToIop	sound.md §1.3 (plain SIF DMA of headers/sequences)
00200130	SoundUploadBody	sound.md §1.3 (64 KiB chunks through IOPBUF, cmd 0x501A/0x5007)
00200250	SoundUploadBanks	sound.md §1.3
002004B8	SoundInit	sound.md §1.3
002007E8	SoundShutdown	sound.md §1.3
002009F8	SoundReverbFadeStep	sound.md §1.3
00200A98	SoundFlush	osdsys_flow.md:531
00200BE8	SoundCmd	osdsys_flow.md:272
00200CF8	LzReadHeader	LZ stream header
00200DA0	LzDecode	LZ stream body decoder
00200ED0	LzDecompress	OSD LZ stream decoder (README: osd_unpack.py), returns output size
00200F08	LzOutputSize	reads the u32 output size of an LZ stream
00200F70	ReadRtcToCtx	osdsys_flow.md:515
00201E68	HistoryDateStamp	osdsys_flow.md:527
00201E98	HistoryUpdate	osdsys_flow.md:526; alt: Update
002021E8	ShutdownSubsystems	osdsys_flow.md:521
00202258	ExecOsdBootBrowser	osdsys_flow.md:522
00202330	CnfNextLine	osdsys_flow.md:520
00202380	CnfMatchKey	osdsys_flow.md:520
00202418	CnfCopyToken	osdsys_flow.md:520
002024C0	Ps2DiscVerifyAndGetId	osdsys_flow.md:514
00202A38	BootPathMatchesDiscId	osdsys_flow.md:520
00202AB0	LaunchPs2Disc	osdsys_flow.md:518
00202D50	LaunchPs1Disc	osdsys_flow.md:518
00202E00	LaunchDvdVideo	osdsys_flow.md:518
00203198	CnfGetValue	osdsys_flow.md:519
00203390	Ps1GetBootId	osdsys_flow.md:519
00203750	LaunchHddBoot	osdsys_flow.md:518
00203970	Launch	osdsys_flow.md:517
00203A08	UnpackConfig	osdsys_flow.md:500
00203DA8	ReadConfigBlock	osdsys_flow.md:500
00203F18	ReadAndUnpackConfig	osdsys_flow.md:500
00204158	LoadNvramConfig	osdsys_flow.md:500
002041E0	CfgSpdif	osdsys_flow.md:501
00204218	ScreenType	osdsys_flow.md:262
00204280	CfgVideoOut	osdsys_flow.md:501
002042C0	LanguageValidated	osdsys_flow.md:502
00204428	CfgWord1Bit3	config word 1 bit 3 (passed inverted to cdSCmd_fno30)
00204480	CfgSetWord1Bit3	config setter (wake-up path)
002044C0	CfgSetWord1BitX	config setter (wake-up path)
00204528	CfgTimezoneOffset	osdsys_flow.md:501
00204570	CfgTimezone	config word 0 bits 20..28
002046F0	HistoryLoad	osdsys_flow.md:524
00204858	HistoryLoadAtBoot	osdsys_flow.md:523
002048A0	McWriteFile	osdsys_flow.md:529
00204A48	McFileExists	osdsys_flow.md:529
00204AC0	HistorySave	osdsys_flow.md:528
00204EC0	HistoryRecordLaunch	osdsys_flow.md:525
00204F50	Language	osdsys_flow.md:263
00204F70	SetLanguage	osdsys_flow.md:502
00205020	GetString	osdsys_flow.md:270
002050D0	ReadRegionParams	osdsys_flow.md:506
00205310	RomRegionRaw	osdsys_flow.md:255
002053F0	ConsoleRegionRaw	osdsys_flow.md:505; alt: ConsoleRegion
00205528	PickDefaultLanguage	osdsys_flow.md:505
00205770	LanguageAllowedForRegion	osdsys_flow.md:502
00205840	DefaultLanguage	osdsys_flow.md:505
00205880	ConsoleRegion	osdsys_flow.md:505
002058D0	RomRegion	osdsys_flow.md:256
00205908	IsPAL	osdsys_flow.md:257
00205930	NeedsInitialSetup	osdsys_flow.md:259
00205940	SetupDone	osdsys_flow.md:507
00205950	SetupRequired	osdsys_flow.md:507
00205960	HddBootEnabled	osdsys_flow.md:260
00205970	HddBootStatus	osdsys_flow.md:261
002059C0	ModuleRegisterChecked	osdsys_flow.md:483
00205A08	ModuleRegister	osdsys_flow.md:483
00205AE8	ModuleCount	osdsys_flow.md:484
00205B10	ModuleInitFn	osdsys_flow.md:484
00205BD0	ModuleName	osdsys_flow.md:484
00205C18	ModuleVersion	osdsys_flow.md:484
00205C60	ModuleExtra	osdsys_flow.md:484
00206C70	RegisterAllModules	osdsys_flow.md:482
00206E58	LoadAssetArchives	osdsys_flow.md §2.1 step 7
00207900	AssetPtr	osdsys_flow.md:271
00207918	AssetSize	osdsys_flow.md:271
00207930	VideoInit	osdsys_flow.md:492
00207A10	VideoApplyOutputMode	osdsys_flow.md:492
00207AD8	WaitVSyncBegin	osdsys_flow.md:266
00207B80	EndFrameFlip	osdsys_flow.md:267
00207BB0	FlipThread	osdsys_flow.md:490
00207BE8	FlipBuffers	osdsys_flow.md:490
00207C90	TimezoneSetup	osdsys_flow.md §2.1 step 11
00208530	VblankCount	osdsys_flow.md:264
00208550	VblankStartHandler	osdsys_flow.md:493
00208660	ApplyOsdConfigToKernel	osdsys_flow.md:499
00208800	ConfigWorkerThread	osdsys_flow.md:497
00208980	ResetGraphics	osdsys_flow.md:498
002089F0	HddLoaderFromFlash	osdsys_flow.md:265
00208A08	HddBootStateMachine	osdsys_flow.md:508
00208DB8	InputThread	osdsys_flow.md:495
00209220	SoundFlushThread	osdsys_flow.md:496
00209270	ExecMcUpdate	osdsys_flow.md:478; alt: LoadExecPS2
00209378	TryMcSystemUpdate	osdsys_flow.md:478
00209460	InitModules	osdsys_flow.md:481
002094D8	HasDevicePrefix	osdsys_flow.md:477
00209548	FatalBootError	osdsys_flow.md:475; alt: ExecOSD
00209588	PowerOffConsole	osdsys_flow.md:476
002096C8	LoaderStateSet	(state record, value): store + SignalSema
002096E8	LoaderStateWait	(state record, value): WaitSema until state >= value
00209748	LoadIopModuleFromRom	builds 'rom0:'+name (or mc path) and calls sceSifLoadModule
002099A0	Dev9ServLoaded	after XDEV9SERV loaded (sets up the dev9 RPC) [I]
002099F0	Dev9LoaderThread	osdsys_flow.md:479
00209A90	StartDev9Loader	osdsys_flow.md:479
00209B10	WaitDev9Loader	osdsys_flow.md:479
00209D80	ProbeHddModules	osdsys_flow.md:480
00209EB8	main	osdsys_flow.md:52
0020DCC8	FontInit	osdsys_flow.md §2.1 step 7
0020EF30	PatchRegionFolderNames	osdsys_flow.md:509
0020EFE0	SysDataDir	osdsys_flow.md:510
0020EFF0	SysDataDirNoSlash	osdsys_flow.md:510
0020F000	SysExecDir	osdsys_flow.md:510
0020F010	DvdPlayerDir	osdsys_flow.md:510
0020F020	RomdirParse	(buf, end, table): parses a nested ROMDIR archive header into a 16-entry table
0020F0B8	RomdirFind	(table, name, out): finds a nested archive entry; out = {ptr, size}
0020F228	DiscThreadStart	osdsys_flow.md:511
0020F358	DiscThreadTick	osdsys_flow.md:511
0020F3B8	DiscThreadEnable	osdsys_flow.md:269
0020F3C8	DiscSetVerifyEnable	osdsys_flow.md:268
0020F408	DiscForceIllegal	osdsys_flow.md:513
0020F478	DiscThread	osdsys_flow.md:511
0020F678	DiscStateUpdate	osdsys_flow.md:512
0020F8E8	DiscVerifyFromThread	osdsys_flow.md:514
0020FAD0	CdPlayerIntcHandler	osdsys_flow.md §2.3 (INTC 3)
0020FB78	CdPlayerStart	osdsys_flow.md §2.1 step 12 (sound/CD-player streaming layer)
0020FD88	CdPlayerSnapshot	osdsys_flow.md:516
00213C08	CdPlayerThread	osdsys_flow.md §2.3
00216200	OpeningCreateThread	osdsys_flow.md:485
00216270	OpeningRegister	osdsys_flow.md:485
002162C0	OpeningThread	osdsys_flow.md:485
00216340	OpeningInit	opening.md:20
002163C8	FrameBegin	opening.md:22
00216448	FrameEnd	opening.md:23
00216490	OpeningRun	opening.md:21
00216520	OpeningPickScene	opening.md:18
00216568	OpeningStartSound	opening.md:19
002165A0	OpeningDecideNext	osdsys_flow.md:489
00216838	OpeningLoadAssets	opening.md §2 (calls 0x216A50, 0x216918) [I]
00216918	TextureTableLoad	opening.md §2 / opening_scene1.md §8.2: walks the 25-entry table, loads per scene
00216A50	OpeningDmaInit	opening.md §2: sceDmaReset + VIF0/VIF1/? channel flags [I]
00216DD0	PktBegin	opening.md:42
00216E48	PktEnd	opening.md:44
00216EC0	PktAddAD	opening.md:43
002171B8	GsSetReg	opening.md:49
00217278	SetTest	opening.md:50
00217318	SetAlpha	opening.md §2 table
00217368	SetScissor	opening.md §2 table
00217398	TexSprite	opening.md §2 table
00217408	FlatSprite	opening.md §2 table
00217468	SetFrame	opening.md §2 table
002177C0	ProjectVertex	opening_scene1.md §9: ApplyMatrix + 1/w + FTOI4
00217B98	LoadTexture	opening.md:77
002182D0	SetTexture	opening.md:54
002184F8	SetTextureDesc	opening.md §2 table (second SetTexture entry: takes a descriptor)
00218540	SetZTest	opening.md §2 table
00218588	SetZWrite	opening.md §2 table
00218628	SetFieldOffset	opening.md §2 table
00218688	SaveFrameHalfWidth	opening.md §5 step 3
00218878	TemporalBlur	opening.md §5 step 2
00218AF8	DefocusPasses	opening.md §5 step 6 / scene1 §8.2 (pass count 0 = reset state)
00218DC8	DrawLetterbox	opening.md §5 FrameEnd
00218F50	DrawFullScreenFlat	opening_scene1.md §8.1: full-screen FlatSprite with alpha
00219098	Overlay_SceText_Draw	opening.md §5 FrameEnd (0x219258/0x219098)
00219258	Overlay_SceText_Update	opening.md §5 FrameEnd (counter 0..240 step 4)
002192E8	Overlay_InsertDiscText_Draw	opening_scene1.md:365
00219498	Overlay_InsertDiscText_Update	opening_scene1.md:364
00219558	Overlay_Reset	opening_scene1.md:366
00219590	Overlay_Update	calls Overlay_SceText_Update [I]
002195B0	BuildFogMesh	opening.md §4 Fog mesh
00219870	DrawFog	opening.md §5 step 4
00219DD0	Smoke_Init	opening_scene1.md:357
0021A058	Smoke_UpdateAndDraw	opening_scene1.md:358
0021A5A0	Timeline_PresetScene1	opening_scene1.md:348
0021A608	TimelineStep	opening.md:25
0021AD38	DrawOrbs	opening.md §5 step 5
0021B5F8	GlassShadeVertexScene0	opening.md §5 step 5 (per-vertex callback installed in 0x2C8808)
0021BB90	DrawGlassCube	opening.md §5 step 5
0021C4A0	BuildLightMap	opening.md §4 Light map
0021C988	TowerFaceVertsA	opening.md §5 step 1 (per-face vertex data)
0021CB40	TowerFaceVertsB	opening.md §5 step 1 (per-face vertex data)
0021CC38	DrawTowers	opening.md §5 step 1
0021D190	DefocusBlur	opening.md §5 step 6
0021D240	FadeToBlack	opening.md §5 step 7
0021D2F8	Scene0Start	opening.md:26
0021D3F0	Scene0Draw	opening.md:26
0021D470	Scene0Init	opening.md:151
0021D8C0	Scene0Dispatch	opening.md:26
0021D930	Prism_ShadeVertexScene1	opening_scene1.md:362
0021DDB8	Prism_DrawScene1	opening_scene1.md:361
0021E328	Prism_InitScene1	opening_scene1.md:359
0021E518	Scene1_DrawPrisms	opening_scene1.md:360
0021E578	Scene1_InitOnce	opening_scene1.md:367
0021E5B0	Scene1_Dispatch	opening_scene1.md:346; alt: Scene1Dispatch
0021E620	Glow_DrawFlareSprite	opening_scene1.md:355
0021E970	Glow_DrawFlares	opening_scene1.md:354
0021EAA8	Glow_InitDiscs	opening_scene1.md:356
0021ED48	Glow_UpdateDiscs	opening_scene1.md:351
0021F0C0	Glow_DrawSmallDiscs	opening_scene1.md:352
0021F588	Glow_DrawLargeDiscsAndFlares	opening_scene1.md:353
0021FA08	Scene1_DrawFade	opening_scene1.md:363
0021FB38	Scene1_DrawLightSourceAndFeedback	opening_scene1.md:350
0021FBE0	Scene1_Start	opening_scene1.md:347
0021FCB8	Scene1_Frame	opening_scene1.md:349
00220E18	CopyFrameToOffscreen	opening.md §5 step 5 (before the first glass pass)
00220F80	ClockCreateThread	osdsys_flow.md:486
00220FF0	ClockRegister	osdsys_flow.md:486
002210A8	ClockRun	osdsys_flow.md:486
00221450	ClockThread	osdsys_flow.md:486
00247C18	BrowserCreateThread	osdsys_flow.md:487
00247C88	BrowserRegister	osdsys_flow.md:487
00248008	BrowserRequestExit	osdsys_flow.md:488
00248068	BrowserRequestLaunch	osdsys_flow.md:488
00248130	BrowserCommitExit	osdsys_flow.md:488
00248418	BrowserThread	osdsys_flow.md:487
00256BA8	LoadFileBind	binds the LOADFILE RPC server [I]
00256C68	_sceSifLoadModule	LOADFILE RPC [I]
00256D48	sceSifLoadModule	LOADFILE RPC wrapper [I]
00256EE8	LoadFileGetIopAddr	osdsys_flow.md §2.1 step 9: LOADFILE RPC fno 3 reads an IOP word [I]
00257140	scePadInit	osdsys_flow.md §2.1 step 7: binds padman 0x80000100/101 [I]
00258480	RFU000_FullReset	syscall stub 0x0 (standard EE kernel name)
00258490	ResetEE	syscall stub 0x1 (standard EE kernel name)
002584A0	SetGsCrt	syscall stub 0x2 (standard EE kernel name)
002584B0	RFU003	syscall stub 0x3 (standard EE kernel name)
002584C0	Exit	syscall stub 0x4 (standard EE kernel name)
002584D0	RFU005	syscall stub 0x5 (standard EE kernel name)
002584E0	LoadExecPS2	syscall stub 0x6 (standard EE kernel name)
002584F0	ExecPS2	syscall stub 0x7 (standard EE kernel name)
00258500	RFU008	syscall stub 0x8 (standard EE kernel name)
00258510	RFU009	syscall stub 0x9 (standard EE kernel name)
00258520	AddSbusIntcHandler	syscall stub 0xa (standard EE kernel name)
00258530	RemoveSbusIntcHandler	syscall stub 0xb (standard EE kernel name)
00258540	Interrupt2Iop	syscall stub 0xc (standard EE kernel name)
00258550	SetVTLBRefillHandler	syscall stub 0xd (standard EE kernel name)
00258560	SetVCommonHandler	syscall stub 0xe (standard EE kernel name)
00258570	SetVInterruptHandler	syscall stub 0xf (standard EE kernel name)
00258580	AddIntcHandler	syscall stub 0x10 (standard EE kernel name)
00258590	AddIntcHandler2	syscall stub 0x10 (standard EE kernel name)
002585A0	RemoveIntcHandler	syscall stub 0x11 (standard EE kernel name)
002585B0	AddDmacHandler	syscall stub 0x12 (standard EE kernel name)
002585C0	AddDmacHandler2	syscall stub 0x12 (standard EE kernel name)
002585D0	RemoveDmacHandler	syscall stub 0x13 (standard EE kernel name)
002585E0	_EnableIntc	syscall stub 0x14 (standard EE kernel name)
002585F0	_DisableIntc	syscall stub 0x15 (standard EE kernel name)
00258600	_EnableDmac	syscall stub 0x16 (standard EE kernel name)
00258610	_DisableDmac	syscall stub 0x17 (standard EE kernel name)
00258620	_SetAlarm	syscall stub 0x18 (standard EE kernel name)
00258630	_ReleaseAlarm	syscall stub 0x19 (standard EE kernel name)
00258640	_iEnableIntc	syscall stub -0x1a (standard EE kernel name)
00258650	_iDisableIntc	syscall stub -0x1b (standard EE kernel name)
00258660	_iEnableDmac	syscall stub -0x1c (standard EE kernel name)
00258670	_iDisableDmac	syscall stub -0x1d (standard EE kernel name)
00258680	_iSetAlarm	syscall stub -0x1e (standard EE kernel name)
00258690	_iReleaseAlarm	syscall stub -0x1f (standard EE kernel name)
002586A0	CreateThread	syscall stub 0x20 (standard EE kernel name)
002586B0	DeleteThread	syscall stub 0x21 (standard EE kernel name)
002586C0	StartThread	syscall stub 0x22 (standard EE kernel name)
002586D0	ExitThread	syscall stub 0x23 (standard EE kernel name)
002586E0	ExitDeleteThread	syscall stub 0x24 (standard EE kernel name)
002586F0	TerminateThread	syscall stub 0x25 (standard EE kernel name)
00258700	iTerminateThread	syscall stub -0x26 (standard EE kernel name)
00258710	DisableDispatchThread	syscall stub 0x27 (standard EE kernel name)
00258720	EnableDispatchThread	syscall stub 0x28 (standard EE kernel name)
00258730	ChangeThreadPriority	syscall stub 0x29 (standard EE kernel name)
00258740	iChangeThreadPriority	syscall stub -0x2a (standard EE kernel name)
00258750	RotateThreadReadyQueue	syscall stub 0x2b (standard EE kernel name)
00258760	_iRotateThreadReadyQueue	syscall stub -0x2c (standard EE kernel name)
00258770	ReleaseWaitThread	syscall stub 0x2d (standard EE kernel name)
00258780	iReleaseWaitThread	syscall stub -0x2e (standard EE kernel name)
00258790	GetThreadId	syscall stub 0x2f (standard EE kernel name)
002587A0	ReferThreadStatus	syscall stub 0x30 (standard EE kernel name)
002587B0	iReferThreadStatus	syscall stub -0x31 (standard EE kernel name)
002587C0	SleepThread	syscall stub 0x32 (standard EE kernel name)
002587D0	WakeupThread	syscall stub 0x33 (standard EE kernel name)
002587E0	_iWakeupThread	syscall stub -0x34 (standard EE kernel name)
002587F0	CancelWakeupThread	syscall stub 0x35 (standard EE kernel name)
00258800	iCancelWakeupThread	syscall stub -0x36 (standard EE kernel name)
00258810	SuspendThread	syscall stub 0x37 (standard EE kernel name)
00258820	_iSuspendThread	syscall stub -0x38 (standard EE kernel name)
00258830	ResumeThread	syscall stub 0x39 (standard EE kernel name)
00258840	iResumeThread	syscall stub -0x3a (standard EE kernel name)
00258850	JoinThread	syscall stub 0x3b (standard EE kernel name)
00258860	SetupThread	syscall stub 0x3c (standard EE kernel name)
00258870	SetupHeap	syscall stub 0x3d (standard EE kernel name)
00258880	EndOfHeap	syscall stub 0x3e (standard EE kernel name)
00258890	RFU063	syscall stub 0x3f (standard EE kernel name)
002588A0	CreateSema	syscall stub 0x40 (standard EE kernel name)
002588B0	DeleteSema	syscall stub 0x41 (standard EE kernel name)
002588C0	SignalSema	syscall stub 0x42 (standard EE kernel name)
002588D0	iSignalSema	syscall stub -0x43 (standard EE kernel name)
002588E0	WaitSema	syscall stub 0x44 (standard EE kernel name)
002588F0	PollSema	syscall stub 0x45 (standard EE kernel name)
00258900	iPollSema	syscall stub -0x46 (standard EE kernel name)
00258910	ReferSemaStatus	syscall stub 0x47 (standard EE kernel name)
00258920	iReferSemaStatus	syscall stub -0x48 (standard EE kernel name)
00258930	RFU073_iDeleteSema	syscall stub 0x49 (standard EE kernel name)
00258940	SetOsdConfigParam	syscall stub 0x4a (standard EE kernel name)
00258950	GetOsdConfigParam	syscall stub 0x4b (standard EE kernel name)
00258960	GetGsHParam	syscall stub 0x4c (standard EE kernel name)
00258970	GetGsVParam	syscall stub 0x4d (standard EE kernel name)
00258980	SetGsHParam	syscall stub 0x4e (standard EE kernel name)
00258990	SetGsVParam	syscall stub 0x4f (standard EE kernel name)
002589A0	CreateEventFlag	syscall stub 0x50 (standard EE kernel name)
002589B0	DeleteEventFlag	syscall stub 0x51 (standard EE kernel name)
002589C0	SetEventFlag	syscall stub 0x52 (standard EE kernel name)
002589D0	iSetEventFlag	syscall stub -0x53 (standard EE kernel name)
002589E0	ClearEventFlag	syscall stub 0x54 (standard EE kernel name)
002589F0	iClearEventFlag	syscall stub -0x55 (standard EE kernel name)
00258A00	WaitEventFlag	syscall stub 0x56 (standard EE kernel name)
00258A10	PollEventFlag	syscall stub 0x57 (standard EE kernel name)
00258A20	iPollEventFlag	syscall stub -0x58 (standard EE kernel name)
00258A30	ReferEventFlagStatus	syscall stub 0x59 (standard EE kernel name)
00258A40	iReferEventFlagStatus	syscall stub -0x5a (standard EE kernel name)
00258A50	RFU091	syscall stub 0x5b (standard EE kernel name)
00258A60	EnableIntcHandler	syscall stub 0x5c (standard EE kernel name)
00258A70	iEnableIntcHandler	syscall stub -0x5c (standard EE kernel name)
00258A80	DisableIntcHandler	syscall stub 0x5d (standard EE kernel name)
00258A90	iDisableIntcHandler	syscall stub -0x5d (standard EE kernel name)
00258AA0	EnableDmacHandler	syscall stub 0x5e (standard EE kernel name)
00258AB0	iEnableDmacHandler	syscall stub -0x5e (standard EE kernel name)
00258AC0	DisableDmacHandler	syscall stub 0x5f (standard EE kernel name)
00258AD0	iDisableDmacHandler	syscall stub -0x5f (standard EE kernel name)
00258AE0	KSeg0	syscall stub 0x60 (standard EE kernel name)
00258AF0	EnableCache	syscall stub 0x61 (standard EE kernel name)
00258B00	DisableCache	syscall stub 0x62 (standard EE kernel name)
00258B10	GetCop0	syscall stub 0x63 (standard EE kernel name)
00258B20	FlushCache	syscall stub 0x64 (standard EE kernel name)
00258B30	CpuConfig	syscall stub 0x66 (standard EE kernel name)
00258B40	iGetCop0	syscall stub -0x67 (standard EE kernel name)
00258B50	iFlushCache	syscall stub -0x68 (standard EE kernel name)
00258B60	iCpuConfig	syscall stub -0x6a (standard EE kernel name)
00258B70	sceSifStopDma	syscall stub 0x6b (standard EE kernel name)
00258B80	SetCPUTimerHandler	syscall stub 0x6c (standard EE kernel name)
00258B90	SetCPUTimer	syscall stub 0x6d (standard EE kernel name)
00258BA0	SetOsdConfigParam2	syscall stub 0x6e (standard EE kernel name)
00258BB0	GetOsdConfigParam2	syscall stub 0x6f (standard EE kernel name)
00258BC0	GsGetIMR	syscall stub 0x70 (standard EE kernel name)
00258BD0	iGsGetIMR	syscall stub -0x70 (standard EE kernel name)
00258BE0	GsPutIMR	syscall stub 0x71 (standard EE kernel name)
00258BF0	iGsPutIMR	syscall stub -0x71 (standard EE kernel name)
00258C00	SetPgifHandler	syscall stub 0x72 (standard EE kernel name)
00258C10	SetVSyncFlag	syscall stub 0x73 (standard EE kernel name)
00258C20	SetSyscall	syscall stub 0x74 (standard EE kernel name)
00258C30	_print	syscall stub 0x75 (standard EE kernel name)
00258C40	sceSifDmaStat	syscall stub 0x76 (standard EE kernel name)
00258C50	isceSifDmaStat	syscall stub -0x76 (standard EE kernel name)
00258C60	sceSifSetDma	syscall stub 0x77 (standard EE kernel name)
00258C70	isceSifSetDma	syscall stub -0x77 (standard EE kernel name)
00258C80	sceSifSetDChain	syscall stub 0x78 (standard EE kernel name)
00258C90	isceSifSetDChain	syscall stub -0x78 (standard EE kernel name)
00258CA0	sceSifSetReg	syscall stub 0x79 (standard EE kernel name)
00258CB0	sceSifGetReg	syscall stub 0x7a (standard EE kernel name)
00258CC0	ExecOSD	syscall stub 0x7b (standard EE kernel name)
00258CD0	Deci2Call	syscall stub 0x7c (standard EE kernel name)
00258CE0	PSMode	syscall stub 0x7d (standard EE kernel name)
00258CF0	MachineType	syscall stub 0x7e (standard EE kernel name)
0025AAA0	cdSCmdBegin	takes the S-command semaphore for fno [I]
0025AC38	sceCdInit	osdsys_flow.md §2.1 step 3 [I]
0025BAE8	sceCdForbidDVDP	osdsys_flow.md §2.1 step 8 (S-cmd RPC fno 0x18) [I]
0025BD18	sceCdBootCertify	osdsys_flow.md §2.1 step 8 (S-cmd RPC fno 0x1E) [I]
0025D728	sceCdStreamInit	osdsys_flow.md §2.1 step 8: sector size 0x930/0x940 stream setup [I, unverified]
0025D8A8	sceCdReadWakeUpTime	osdsys_flow.md §2.1 step 9 (S-cmd RPC fno 0x29) [I]
0025DAA8	cdSCmd_fno30	S-command RPC fno 0x30 with one int arg; main loops on it until status bit 0x80 clears [I: possibly sceCdRcBypassCtl / sceCdSetMediumRemoval]
0025E1A0	sceCdReadRegionParams	osdsys_flow.md §3 (ConsoleRegion) [I]
0025E298	sceMcInit	osdsys_flow.md §2.1 step 3 (mcserv fno 0xFE) [I]
0025E418	sceMcOpen	osdsys_flow.md §6 (fno 2); alt: Open <osdsys_flow.md:530>
0025E500	sceMcMkdir	osdsys_flow.md §6; alt: Mkdir <osdsys_flow.md:530>
0025E538	sceMcClose	osdsys_flow.md §6 (fno 3); alt: Close <osdsys_flow.md:530>
0025E5C8	sceMcSeek	osdsys_flow.md §6 (fno 4); alt: Seek <osdsys_flow.md:530>
0025E6E8	sceMcRead	osdsys_flow.md §6 (fno 5); alt: Read <osdsys_flow.md:530>
0025E7C0	sceMcWrite	osdsys_flow.md §6 (fno 6); alt: Write <osdsys_flow.md:530>
0025E8F8	sceMcSync	osdsys_flow.md §6; alt: Sync <osdsys_flow.md:530>
0025EA40	sceMcGetInfo	osdsys_flow.md §6 (RPC fno 1)
0025EB88	sceMcGetDir	osdsys_flow.md §6 (fno 0xD); alt: GetDir <osdsys_flow.md:530>
0025EE70	sceMcDelete	osdsys_flow.md §6 (fno 0xF); alt: Delete <osdsys_flow.md:530>
0025EFD8	sceMcSetFileInfo	osdsys_flow.md §6 (fno 0xE); alt: SetFileInfo <osdsys_flow.md:530>
0025F400	sceRmInit	binds 0x80000C01 (XRMMAN2 remote control) [I]
002631C0	RuntimeInitOnce	called once from RuntimeInit [I]
00263270	RuntimeInit	osdsys_flow.md §2.1 step 1 (one-time runtime init)
00267518	memcmp	osdsys_flow.md:533
002675AC	memcpy	body: 32-byte unrolled copy [I]
0026765C	memset	osdsys_flow.md:533
002677C0	srand	osdsys_flow.md:273
002677D0	rand	osdsys_flow.md:273
00267C98	sprintf	osdsys_flow.md:533
00267E78	strcat	body: vectorised strlen + copy [I]
00267FA4	strchr	body: vectorised scan for a byte [I]
00268134	strcmp	osdsys_flow.md:533
00268278	strcpy	osdsys_flow.md:533
002684C8	strncmp	osdsys_flow.md:533
00268680	strncpy	osdsys_flow.md:533
00268840	strrchr	body: last occurrence [I]
00268890	strstr	osdsys_flow.md:533
0026DA90	SndRpc	sound.md §1.1 RPC wrapper (wait, cmd, a1..a6)
0026DD58	SndRpcBind	sound.md §1.1 binds server 0x80000601
0026E210	sceGsSetHalfOffset	libgraph (drawenv, x, y, field) [I]
0026EA88	sceGsSyncV_	libgraph: reads GParam and CSR FIELD; called by VideoInit before ResetGraph [I]
0026EB20	sceGsSwapDBuff	libgraph (db, id) [I]
0026EB80	sceGsSetDefDBuff	libgraph (db, psm, w, h, ztest, zpsm, clear) [I]
0026EE30	sceGsPutDrawEnv	libgraph: GIF DMA of a draw-env packet [I]
0026F208	sceGsResetPath	libgraph: VIF1/VU1/GIF path reset [I]
0026F270	sceGsGetGParam	libgraph [I]
0026F280	sceGsResetGraph	libgraph (mode, interlace, omode, ffmode) [I]
0026F720	sceSifIopSync	osdsys_flow.md §2.1 step 2: polls SBUS reg 4 bit 0x40000 [I]
0026F768	sceSifIopReset	osdsys_flow.md §2.1 step 2: sends the UDNL string to server 0x80000003 [I]
0026FA10	sceRead	fileio RPC [I]
0026FBD0	sceLseek	fileio RPC [I]
0026FCB0	sceClose	fileio RPC fno 1 [I]
0026FD68	sceOpen	fileio RPC (server 0x80000001) [I]
0026FEC0	sceFsInit	binds the fileio server 0x80000001 [I]
00270080	sceSifCallRpc	body: client, fno, mode, send, ssize, recv, rsize, end_func [I]
002702C8	sceSifBindRpc	body: client, server id, mode [I]
002706F0	sceSifExitRpc	osdsys_flow.md §2.1 step 2 [I]
00270718	sceSifInitRpc	osdsys_flow.md §2.1 step 2 (SIF RPC init) [I]
002708A8	sceSifWriteBackDCache	body: (addr, size) before SIF DMA [I]
00270C38	sceSifAddCmdHandler	body: cmd id, handler, data [I]
00270C68	sceSifExitCmd	called from sceSifExitRpc [I]
00270C90	sceSifInitCmd	called once from sceSifInitRpc [I]
00271D70	EnableIntcSafe	DI/EI wrapper around _EnableIntc
00272260	sceMtapPortOpen	mtapman RPC fno 1 [I]
002722D0	sceMtapInit	binds mtapman 0x80000901/902 [I]
00272B20	sceDevVif1Reset	libdev [I]
00272B48	sceDevVif0Reset	libdev [I]
00272B70	sceDevGifReset	libdev [I]
00272B88	sceDevVu1Reset	libdev (VI12 bit 9) [I]
00272BA0	sceDevVu0Reset	libdev (VI12 bit 1) [I]
00272F30	sceDmaReset	libdma: called by ResetGraphics and the module inits [I]
00273010	sceDmaGetChan	libdma: index -> DMAC channel registers [I]
00273038	bzero_	byte-wise zero fill [I]
00273070	sceVu0ClipAll	libvu0 [I]
00273100	sceVu0ScaleVector	libvu0 [I]
00273118	sceVu0ViewScreenMatrix	libvu0 (used by TimelineStep) [I]
00273220	sceVu0LightColorMatrix	libvu0 [I]
00273288	sceVu0NormalLightMatrix	libvu0 [I]
00273348	sceVu0CameraMatrix	libvu0 [I]
002733F8	sceVu0ClampVector	libvu0 [I]
00273420	sceVu0RotMatrix	libvu0 / opening_scene1.md §9 [I]
00273470	sceVu0RotMatrixY	libvu0 [I]
00273518	sceVu0RotMatrixX	libvu0 [I]
002735C0	sceVu0RotMatrixZ	libvu0 [I]
00273668	_sceVu0SinCos	libvu0 helper [I]
002736E0	sceVu0UnitMatrix	libvu0 [I]
00273708	sceVu0FTOI0	libvu0 [I]
00273718	sceVu0FTOI4	libvu0 [I]
00273728	sceVu0CopyMatrix	libvu0 [I]
00273750	sceVu0CopyVector	libvu0 [I]
00273760	sceVu0TransMatrix	libvu0 / opening_scene1.md §9 [I]
00273790	sceVu0ScaleVectorXYZ	libvu0 [I]
002737A8	sceVu0SubVector	libvu0 [I]
002737C0	sceVu0AddVector	libvu0 [I]
002737D8	sceVu0DivVector	libvu0 (used by CameraMatrix) [I]
00273848	sceVu0TransposeMatrix	libvu0 (used by NormalLightMatrix) [I]
00273890	sceVu0Normalize	libvu0 [I]
002738C8	sceVu0InnerProduct	libvu0 [I]
002738F0	sceVu0OuterProduct	libvu0 [I]
00273910	sceVu0MulMatrix	libvu0 / opening_scene1.md §9 [I]
00273958	sceVu0ApplyMatrix	libvu0 [I]
00273990	vu1_init_chain	opening.md §2 (DMA chain uploading the VU1 program)
0027A180	sema_sound	sound.md §1.2
0027A188	g_iopSoundBuf	sound.md §1.3 (IOPBUF)
0027B3D8	g_stringTable	osdsys_flow.md §3
0027B400	g_romRegionCache	osdsys_flow.md §3
0027B414	g_setupDoneFlag	osdsys_flow.md §3
0027B418	g_hddBootFlag	osdsys_flow.md §3
0027B41C	g_hddBootStatus	osdsys_flow.md §3
0027B420	g_moduleCount	osdsys_flow.md §2.2
0027B504	g_assetTable	sound.md §1.3
0027C654	g_vblankCount	osdsys_flow.md §3
0027E6F8	sema_moduleDone	osdsys_flow.md §2.3
0027E6FC	sema_vblankInput	osdsys_flow.md §2.3
0027E710	sema_vsyncRequest	osdsys_flow.md §2.3
0027E714	sema_flipRequest	osdsys_flow.md §2.3
0027E718	sema_flipGo	osdsys_flow.md §2.3
0027E71C	sema_vsyncDone	osdsys_flow.md §2.3
0027E720	sema_soundFlush	osdsys_flow.md §2.3
00287700	g_textureTable	opening.md §2
00288EB0	g_camPos	opening.md §3
00288EC0	g_camDir	opening.md §3
00288ED0	g_camUp	opening.md §3
00288EE0	g_lightDirs	opening.md §3
00288F10	g_blendModes	opening.md §2
00289058	g_stageThresholds	opening.md §3
002891E0	g_slotTable	opening.md §4
002895F0	g_slotPositions	opening.md §4
00289ED0	g_prismPositions	opening_scene1.md §12
002AE9A0	g_sndRpcClient	sound.md §1.1
002C8700	g_frame	opening.md §1
002C8704	g_scene	opening.md §1
002C8708	g_nextScene	opening.md §1
002C870C	g_startScene	opening.md §1
002C8710	g_subState	opening.md §1
002C8714	g_letterbox	opening.md §1
002C8798	g_camRoll	opening.md §3
002C87A0	g_latchedDiscState	osdsys_flow.md §2.4
002C87E4	g_firstFrameFlag	opening_scene1.md §12
002C87E8	g_fadeOutAlpha	opening_scene1.md §12
002C87F4	g_fadeOutFlag	opening_scene1.md §12
002C8800	g_fadeOutStartFrame	opening_scene1.md §12
002C900C	g_textState	opening_scene1.md §12
002C9010	g_textAlpha	opening_scene1.md §12
002C9018	g_scene1Brightness	opening_scene1.md §12
002C9700	g_nvramConfig	osdsys_flow.md §2.1 step 10
002C9780	g_configWord0	osdsys_flow.md §2.1 step 10
002C9784	g_configWord1	osdsys_flow.md §2.1 step 10
002D9C00	g_moduleTable	osdsys_flow.md §2.2
002DA4A0	g_moduleThreads	osdsys_flow.md §2.2
00303218	g_discThreadEnable	osdsys_flow.md §3
0030321C	g_discVerifyEnable	osdsys_flow.md §3
00303230	g_discState	osdsys_flow.md §4.1
00346EC0	g_stage	opening.md §3
00349950	g_lightMap	opening.md §4
004169C0	g_sndRpcBuf	sound.md §1.1
